{"cameraMode":{"drawMode":2,"name":"Shaded Wireframe","section":"Shading Mode"},"sceneLighting":true,"audioPlay":false,"sceneViewState":{"showFog":false,"showMaterialUpdate":false,"showSkybox":false,"showFlares":false,"showImageEffects":false,"showParticleSystems":false},"in2DMode":false,"pivot":{"x":-1.807915449142456,"y":-0.32497406005859377,"z":1.112830638885498},"rotation":{"x":0.1743316501379013,"y":-0.3925189673900604,"z":0.07616841048002243,"w":0.8998863101005554},"size":3.9047930240631105,"orthographic":false}